[{"metadata":{"updatedOn":1759739307116,"updatedBy":"technical","createdBy":"technical","createdOn":1759739307116,"context":{"id":"SUB_ACCOUNT","contextType":"sub_account","tenantId":"7e8a4ad1b97450e5a0b7fd04f9edb10a","identityZoneId":"4983dd36-e07d-45cd-90ff-638589227465","instanceId":"d1bbfd5e-53f8-4634-8cbf-18665ba30196"}},"cdm":{"texts":{"cdm|identification|title":{"type":"XTIT","value":{"":"provisioning-service"}},"cdm|identification|description":{"type":"XTIT","value":{"":"provisioning-service"}},"cdm|payload|visualizations|Default-VizId|vizConfig|sap.app|info":{"type":"XTIT","value":{"":""}},"cdm|payload|visualizations|Default-VizId|vizConfig|sap.app|subTitle":{"type":"XTIT","value":{"":""}}},"payload":{"defaultViz":"Default-VizId","defaultVizType":"sap.ushell.StaticAppLauncher","visualizations":{"Default-VizId":{"vizType":"sap.ushell.StaticAppLauncher","vizConfig":{"sap.ui":{"icons":{"icon":""}},"sap.app":{"info":"{{cdm|payload|visualizations|Default-VizId|vizConfig|sap.app|info}}","subTitle":"{{cdm|payload|visualizations|Default-VizId|vizConfig|sap.app|subTitle}}"},"sap.flp":{"target":{"type":"IBN","inboundId":"ee221e2f-98e9-4c59-a88d-e7d3d7b63834___GenericDefaultSemantic-__GenericDefaultAction","parameters":{}}}}}},"targetAppConfig":{"sap.ui":{"deviceTypes":{"phone":true,"tablet":true,"desktop":true}},"sap.app":{"tags":{"keywords":[]},"destination":"provisioning-service","crossNavigation":{"inbounds":{"ee221e2f-98e9-4c59-a88d-e7d3d7b63834___GenericDefaultSemantic-__GenericDefaultAction":{"action":"run","signature":{"parameters":{},"additionalParameters":"ignored"},"deviceTypes":{"phone":true,"tablet":true,"desktop":true},"semanticObject":"app"}}}},"_version":"1.13.0","sap.integration":{"navMode":"explace","urlTemplateId":"urltemplate.url-dynamic","urlTemplateParams":{"path":"/api","query":{},"enableSapParams":false,"enableIntentParams":false}}}},"_version":"3.0","identification":{"id":"ee221e2f-98e9-4c59-a88d-e7d3d7b63834","title":"{{cdm|identification|title}}","entityType":"businessapp","description":"{{cdm|identification|description}}"}}},{"metadata":{"updatedOn":1759739307116,"updatedBy":"technical","createdBy":"technical","createdOn":1759739307116,"context":{"id":"SUB_ACCOUNT","contextType":"sub_account","tenantId":"7e8a4ad1b97450e5a0b7fd04f9edb10a","identityZoneId":"4983dd36-e07d-45cd-90ff-638589227465","instanceId":"d1bbfd5e-53f8-4634-8cbf-18665ba30196"}},"cdm":{"texts":{"cdm|identification|title":{"type":"XTIT","value":{"":"japan-east--c-99567a9"}},"cdm|identification|description":{"type":"XTIT","value":{"":"japan-east--c-99567a9"}},"cdm|payload|visualizations|Default-VizId|vizConfig|sap.app|info":{"type":"XTIT","value":{"":""}},"cdm|payload|visualizations|Default-VizId|vizConfig|sap.app|subTitle":{"type":"XTIT","value":{"":""}}},"payload":{"defaultViz":"Default-VizId","defaultVizType":"sap.ushell.StaticAppLauncher","visualizations":{"Default-VizId":{"vizType":"sap.ushell.StaticAppLauncher","vizConfig":{"sap.ui":{"icons":{"icon":"https://raw.githubusercontent.com/ptesny/Team-2712/main/assets/kyma_dashboard_url_japaneast.png"}},"sap.app":{"info":"{{cdm|payload|visualizations|Default-VizId|vizConfig|sap.app|info}}","subTitle":"{{cdm|payload|visualizations|Default-VizId|vizConfig|sap.app|subTitle}}"},"sap.flp":{"target":{"type":"IBN","inboundId":"3dd43274-6309-4e1b-a296-acbb10971d16___GenericDefaultSemantic-__GenericDefaultAction","parameters":{}}}}}},"targetAppConfig":{"sap.ui":{"deviceTypes":{"phone":true,"tablet":true,"desktop":true}},"sap.app":{"tags":{"keywords":[]},"destination":"","crossNavigation":{"inbounds":{"3dd43274-6309-4e1b-a296-acbb10971d16___GenericDefaultSemantic-__GenericDefaultAction":{"action":"run","signature":{"parameters":{},"additionalParameters":"ignored"},"deviceTypes":{"phone":true,"tablet":true,"desktop":true},"semanticObject":"app"}}}},"_version":"1.13.0","sap.integration":{"navMode":"explace","urlTemplateId":"urltemplate.url","urlTemplateParams":{"url":"https://dashboard.kyma.cloud.sap/?kubeconfigID=79EB720B-2C16-4A7E-AA7F-108C4E3B7E98","query":{},"enableSapParams":false,"enableIntentParams":false}}}},"_version":"3.0","identification":{"id":"3dd43274-6309-4e1b-a296-acbb10971d16","title":"{{cdm|identification|title}}","entityType":"businessapp","description":"{{cdm|identification|description}}"}}},{"metadata":{"updatedOn":1759739307116,"updatedBy":"technical","createdBy":"technical","createdOn":1759739307116,"context":{"id":"SUB_ACCOUNT","contextType":"sub_account","tenantId":"7e8a4ad1b97450e5a0b7fd04f9edb10a","identityZoneId":"4983dd36-e07d-45cd-90ff-638589227465","instanceId":"d1bbfd5e-53f8-4634-8cbf-18665ba30196"}},"cdm":{"texts":{"cdm|identification|title":{"type":"XTIT","value":{"":"uk-xp264--b84edf3"}},"cdm|identification|description":{"type":"XTIT","value":{"":"uk-xp264--b84edf3"}},"cdm|payload|visualizations|Default-VizId|vizConfig|sap.app|info":{"type":"XTIT","value":{"":""}},"cdm|payload|visualizations|Default-VizId|vizConfig|sap.app|subTitle":{"type":"XTIT","value":{"":""}}},"payload":{"defaultViz":"Default-VizId","defaultVizType":"sap.ushell.StaticAppLauncher","visualizations":{"Default-VizId":{"vizType":"sap.ushell.StaticAppLauncher","vizConfig":{"sap.ui":{"icons":{"icon":"https://raw.githubusercontent.com/ptesny/Team-2712/main/assets/kyma_dashboard_url_ukxp264.png"}},"sap.app":{"info":"{{cdm|payload|visualizations|Default-VizId|vizConfig|sap.app|info}}","subTitle":"{{cdm|payload|visualizations|Default-VizId|vizConfig|sap.app|subTitle}}"},"sap.flp":{"target":{"type":"IBN","inboundId":"8935027f-4d2c-4fce-a305-180b225c0501___GenericDefaultSemantic-__GenericDefaultAction","parameters":{}}}}}},"targetAppConfig":{"sap.ui":{"deviceTypes":{"phone":true,"tablet":true,"desktop":true}},"sap.app":{"tags":{"keywords":[]},"destination":"","crossNavigation":{"inbounds":{"8935027f-4d2c-4fce-a305-180b225c0501___GenericDefaultSemantic-__GenericDefaultAction":{"action":"open","signature":{"parameters":{},"additionalParameters":"ignored"},"deviceTypes":{"phone":true,"tablet":true,"desktop":true},"semanticObject":"app"}}}},"_version":"1.13.0","sap.integration":{"navMode":"explace","urlTemplateId":"urltemplate.url","urlTemplateParams":{"url":"https://dashboard.kyma.cloud.sap/?kubeconfigID=0FD84322-535C-4047-89CE-47FC775938FC","query":{},"enableSapParams":false,"enableIntentParams":false}}}},"_version":"3.0","identification":{"id":"8935027f-4d2c-4fce-a305-180b225c0501","title":"{{cdm|identification|title}}","entityType":"businessapp","description":"{{cdm|identification|description}}"}}},{"metadata":{"updatedOn":1759739307116,"updatedBy":"technical","createdBy":"technical","createdOn":1759739307116,"context":{"id":"SUB_ACCOUNT","contextType":"sub_account","tenantId":"7e8a4ad1b97450e5a0b7fd04f9edb10a","identityZoneId":"4983dd36-e07d-45cd-90ff-638589227465","instanceId":"d1bbfd5e-53f8-4634-8cbf-18665ba30196"}},"cdm":{"texts":{"cdm|identification|title":{"type":"XTIT","value":{"":"OpenSearch Dashboards"}},"cdm|identification|description":{"type":"XTIT","value":{"":"OpenSearch Dashboards"}},"cdm|payload|visualizations|Default-VizId|vizConfig|sap.app|info":{"type":"XTIT","value":{"":""}},"cdm|payload|visualizations|Default-VizId|vizConfig|sap.app|subTitle":{"type":"XTIT","value":{"":""}}},"payload":{"defaultViz":"Default-VizId","defaultVizType":"sap.ushell.StaticAppLauncher","visualizations":{"Default-VizId":{"vizType":"sap.ushell.StaticAppLauncher","vizConfig":{"sap.ui":{"icons":{"icon":""}},"sap.app":{"info":"{{cdm|payload|visualizations|Default-VizId|vizConfig|sap.app|info}}","subTitle":"{{cdm|payload|visualizations|Default-VizId|vizConfig|sap.app|subTitle}}"},"sap.flp":{"target":{"type":"IBN","inboundId":"d1f75d6f-381c-4d58-b92f-e1a5ea857467___GenericDefaultSemantic-__GenericDefaultAction","parameters":{}}}}}},"targetAppConfig":{"sap.ui":{"deviceTypes":{"phone":true,"tablet":true,"desktop":true}},"sap.app":{"tags":{"keywords":[]},"destination":"","crossNavigation":{"inbounds":{"d1f75d6f-381c-4d58-b92f-e1a5ea857467___GenericDefaultSemantic-__GenericDefaultAction":{"action":"open","signature":{"parameters":{},"additionalParameters":"ignored"},"deviceTypes":{"phone":true,"tablet":true,"desktop":true},"semanticObject":"search"}}}},"_version":"1.13.0","sap.integration":{"navMode":"inplace","urlTemplateId":"urltemplate.url","urlTemplateParams":{"url":"https://docs.opensearch.org/2.19/dashboards/","query":{},"enableSapParams":false,"enableIntentParams":false}}}},"_version":"3.0","identification":{"id":"d1f75d6f-381c-4d58-b92f-e1a5ea857467","title":"{{cdm|identification|title}}","entityType":"businessapp","description":"{{cdm|identification|description}}"}}},{"metadata":{"updatedOn":1759739307116,"updatedBy":"technical","createdBy":"technical","createdOn":1759739307116,"context":{"id":"SUB_ACCOUNT","contextType":"sub_account","tenantId":"7e8a4ad1b97450e5a0b7fd04f9edb10a","identityZoneId":"4983dd36-e07d-45cd-90ff-638589227465","instanceId":"d1bbfd5e-53f8-4634-8cbf-18665ba30196"}},"cdm":{"texts":{"cdm|identification|title":{"type":"XTIT","value":{"":"faas-srv-xp264-002"}},"cdm|identification|description":{"type":"XTIT","value":{"":"faas-srv-xp264-002"}},"cdm|payload|visualizations|Default-VizId|vizConfig|sap.app|info":{"type":"XTIT","value":{"":""}},"cdm|payload|visualizations|Default-VizId|vizConfig|sap.app|subTitle":{"type":"XTIT","value":{"":""}}},"payload":{"defaultViz":"Default-VizId","defaultVizType":"sap.ushell.StaticAppLauncher","visualizations":{"Default-VizId":{"vizType":"sap.ushell.StaticAppLauncher","vizConfig":{"sap.ui":{"icons":{"icon":""}},"sap.app":{"info":"{{cdm|payload|visualizations|Default-VizId|vizConfig|sap.app|info}}","subTitle":"{{cdm|payload|visualizations|Default-VizId|vizConfig|sap.app|subTitle}}"},"sap.flp":{"target":{"type":"IBN","inboundId":"2fd10804-ef46-475e-9ec3-8f900deb1674___GenericDefaultSemantic-__GenericDefaultAction","parameters":{}}}}}},"targetAppConfig":{"sap.ui":{"deviceTypes":{"phone":true,"tablet":true,"desktop":true}},"sap.app":{"tags":{"keywords":[]},"destination":"","crossNavigation":{"inbounds":{"2fd10804-ef46-475e-9ec3-8f900deb1674___GenericDefaultSemantic-__GenericDefaultAction":{"action":"run","signature":{"parameters":{},"additionalParameters":"ignored"},"deviceTypes":{"phone":true,"tablet":true,"desktop":true},"semanticObject":"app"}}}},"_version":"1.13.0","sap.integration":{"navMode":"inplace","urlTemplateId":"urltemplate.url","urlTemplateParams":{"url":"https://uk-xp264-quovadis-d726db6d.launchpad.cfapps.eu20.hana.ondemand.com/dynamic_dest/faas-srv-xp264-002/arrivals","query":{},"enableSapParams":false,"enableIntentParams":false}}}},"_version":"3.0","identification":{"id":"2fd10804-ef46-475e-9ec3-8f900deb1674","title":"{{cdm|identification|title}}","entityType":"businessapp","description":"{{cdm|identification|description}}"}}},{"metadata":{"updatedOn":1759739307116,"updatedBy":"technical","createdBy":"technical","createdOn":1759739307116,"context":{"id":"SUB_ACCOUNT","contextType":"sub_account","tenantId":"7e8a4ad1b97450e5a0b7fd04f9edb10a","identityZoneId":"4983dd36-e07d-45cd-90ff-638589227465","instanceId":"d1bbfd5e-53f8-4634-8cbf-18665ba30196"}},"cdm":{"texts":{"cdm|identification|title":{"type":"XTIT","value":{"":"faas-srv-xp264-050"}},"cdm|identification|description":{"type":"XTIT","value":{"":"faas-srv-xp264-050"}},"cdm|payload|visualizations|Default-VizId|vizConfig|sap.app|info":{"type":"XTIT","value":{"":""}},"cdm|payload|visualizations|Default-VizId|vizConfig|sap.app|subTitle":{"type":"XTIT","value":{"":""}}},"payload":{"defaultViz":"Default-VizId","defaultVizType":"sap.ushell.StaticAppLauncher","visualizations":{"Default-VizId":{"vizType":"sap.ushell.StaticAppLauncher","vizConfig":{"sap.ui":{"icons":{"icon":""}},"sap.app":{"info":"{{cdm|payload|visualizations|Default-VizId|vizConfig|sap.app|info}}","subTitle":"{{cdm|payload|visualizations|Default-VizId|vizConfig|sap.app|subTitle}}"},"sap.flp":{"target":{"type":"IBN","inboundId":"dc030e76-865a-456e-82fa-5e15dd87cb63___GenericDefaultSemantic-__GenericDefaultAction","parameters":{}}}}}},"targetAppConfig":{"sap.ui":{"deviceTypes":{"phone":true,"tablet":true,"desktop":true}},"sap.app":{"tags":{"keywords":[]},"destination":"No System","crossNavigation":{"inbounds":{"dc030e76-865a-456e-82fa-5e15dd87cb63___GenericDefaultSemantic-__GenericDefaultAction":{"action":"run","signature":{"parameters":{},"additionalParameters":"ignored"},"deviceTypes":{"phone":true,"tablet":true,"desktop":true},"semanticObject":"app"}}}},"_version":"1.13.0","sap.integration":{"navMode":"inplace","urlTemplateId":"urltemplate.url","urlTemplateParams":{"url":"https://uk-xp264-quovadis-d726db6d.launchpad.cfapps.eu20.hana.ondemand.com/dynamic_dest/faas-srv-xp264-050/mistralai/models","query":{},"enableSapParams":false,"enableIntentParams":false}}}},"_version":"3.0","identification":{"id":"dc030e76-865a-456e-82fa-5e15dd87cb63","title":"{{cdm|identification|title}}","entityType":"businessapp","description":"{{cdm|identification|description}}"}}},{"metadata":{"updatedOn":1759739307116,"updatedBy":"technical","createdBy":"technical","createdOn":1759739307116,"context":{"id":"SUB_ACCOUNT","contextType":"sub_account","tenantId":"7e8a4ad1b97450e5a0b7fd04f9edb10a","identityZoneId":"4983dd36-e07d-45cd-90ff-638589227465","instanceId":"d1bbfd5e-53f8-4634-8cbf-18665ba30196"}},"cdm":{"texts":{"cdm|identification|title":{"type":"XTIT","value":{"":"argocd--japan-east"}},"cdm|identification|description":{"type":"XTIT","value":{"":"runtime-context-japan-east-c1f19148-71f7-4883-9f86-8d5ee7634dec"}},"cdm|payload|visualizations|Default-VizId|vizConfig|sap.app|info":{"type":"XTIT","value":{"":""}},"cdm|payload|visualizations|Default-VizId|vizConfig|sap.app|subTitle":{"type":"XTIT","value":{"":""}}},"payload":{"defaultViz":"Default-VizId","defaultVizType":"sap.ushell.StaticAppLauncher","visualizations":{"Default-VizId":{"vizType":"sap.ushell.StaticAppLauncher","vizConfig":{"sap.ui":{"icons":{"icon":"https://raw.githubusercontent.com/ptesny/Team-2712/main/assets/logo.png"}},"sap.app":{"info":"{{cdm|payload|visualizations|Default-VizId|vizConfig|sap.app|info}}","subTitle":"{{cdm|payload|visualizations|Default-VizId|vizConfig|sap.app|subTitle}}"},"sap.flp":{"target":{"type":"IBN","inboundId":"14523356-c3b0-436c-a743-f18155308fa4___GenericDefaultSemantic-__GenericDefaultAction","parameters":{}}}}}},"targetAppConfig":{"sap.ui":{"deviceTypes":{"phone":true,"tablet":true,"desktop":true}},"sap.app":{"tags":{"keywords":[]},"destination":"","crossNavigation":{"inbounds":{"14523356-c3b0-436c-a743-f18155308fa4___GenericDefaultSemantic-__GenericDefaultAction":{"action":"run","signature":{"parameters":{},"additionalParameters":"ignored"},"deviceTypes":{"phone":true,"tablet":true,"desktop":true},"semanticObject":"app"}}}},"_version":"1.13.0","sap.integration":{"navMode":"inplace","urlTemplateId":"urltemplate.url","urlTemplateParams":{"url":"https://f123e803ad5c7a.sister.argocdaas.shoot.live.k8s-hana.ondemand.com/applications","query":{"proj":"runtime-context-japan-east-c1f19148-71f7-4883-9f86-8d5ee7634dec","showFavorites":"false"},"enableSapParams":false,"enableIntentParams":false}}}},"_version":"3.0","identification":{"id":"14523356-c3b0-436c-a743-f18155308fa4","title":"{{cdm|identification|title}}","entityType":"businessapp","description":"{{cdm|identification|description}}"}}},{"metadata":{"updatedOn":1759739307116,"updatedBy":"technical","createdBy":"technical","createdOn":1759739307116,"context":{"id":"SUB_ACCOUNT","contextType":"sub_account","tenantId":"7e8a4ad1b97450e5a0b7fd04f9edb10a","identityZoneId":"4983dd36-e07d-45cd-90ff-638589227465","instanceId":"d1bbfd5e-53f8-4634-8cbf-18665ba30196"}},"cdm":{"texts":{"cdm|identification|title":{"type":"XTIT","value":{"":"argocd--us-east"}},"cdm|identification|description":{"type":"XTIT","value":{"":"runtime-context-0-c1f19148-71f7-4883-9f86-8d5ee7634dec"}},"cdm|payload|visualizations|Default-VizId|vizConfig|sap.app|info":{"type":"XTIT","value":{"":""}},"cdm|payload|visualizations|Default-VizId|vizConfig|sap.app|subTitle":{"type":"XTIT","value":{"":""}}},"payload":{"defaultViz":"Default-VizId","defaultVizType":"sap.ushell.StaticAppLauncher","visualizations":{"Default-VizId":{"vizType":"sap.ushell.StaticAppLauncher","vizConfig":{"sap.ui":{"icons":{"icon":"https://raw.githubusercontent.com/ptesny/Team-2712/main/assets/logo.png"}},"sap.app":{"info":"{{cdm|payload|visualizations|Default-VizId|vizConfig|sap.app|info}}","subTitle":"{{cdm|payload|visualizations|Default-VizId|vizConfig|sap.app|subTitle}}"},"sap.flp":{"target":{"type":"IBN","inboundId":"931c6dda-c527-46ee-8b81-965f276c5943___GenericDefaultSemantic-__GenericDefaultAction","parameters":{}}}}}},"targetAppConfig":{"sap.ui":{"deviceTypes":{"phone":true,"tablet":true,"desktop":true}},"sap.app":{"tags":{"keywords":[]},"destination":"","crossNavigation":{"inbounds":{"931c6dda-c527-46ee-8b81-965f276c5943___GenericDefaultSemantic-__GenericDefaultAction":{"action":"run","signature":{"parameters":{},"additionalParameters":"ignored"},"deviceTypes":{"phone":true,"tablet":true,"desktop":true},"semanticObject":"app"}}}},"_version":"1.13.0","sap.integration":{"navMode":"inplace","urlTemplateId":"urltemplate.url","urlTemplateParams":{"url":"https://f123e803ad5c7a.sister.argocdaas.shoot.live.k8s-hana.ondemand.com/applications","query":{"proj":"runtime-context-0-c1f19148-71f7-4883-9f86-8d5ee7634dec","showFavorites":"false"},"enableSapParams":false,"enableIntentParams":false}}}},"_version":"3.0","identification":{"id":"931c6dda-c527-46ee-8b81-965f276c5943","title":"{{cdm|identification|title}}","entityType":"businessapp","description":"{{cdm|identification|description}}"}}},{"metadata":{"updatedOn":1759739307116,"updatedBy":"technical","createdBy":"technical","createdOn":1759739307116,"context":{"id":"SUB_ACCOUNT","contextType":"sub_account","tenantId":"7e8a4ad1b97450e5a0b7fd04f9edb10a","identityZoneId":"4983dd36-e07d-45cd-90ff-638589227465","instanceId":"d1bbfd5e-53f8-4634-8cbf-18665ba30196"}},"cdm":{"texts":{"cdm|identification|title":{"type":"XTIT","value":{"":"argocd--uk-xp264"}},"cdm|identification|description":{"type":"XTIT","value":{"":"runtime-context-uk-xp264-c1f19148-71f7-4883-9f86-8d5ee7634dec"}},"cdm|payload|visualizations|Default-VizId|vizConfig|sap.app|info":{"type":"XTIT","value":{"":""}},"cdm|payload|visualizations|Default-VizId|vizConfig|sap.app|subTitle":{"type":"XTIT","value":{"":""}}},"payload":{"defaultViz":"Default-VizId","defaultVizType":"sap.ushell.StaticAppLauncher","visualizations":{"Default-VizId":{"vizType":"sap.ushell.StaticAppLauncher","vizConfig":{"sap.ui":{"icons":{"icon":"https://raw.githubusercontent.com/ptesny/Team-2712/main/assets/logo.png"}},"sap.app":{"info":"{{cdm|payload|visualizations|Default-VizId|vizConfig|sap.app|info}}","subTitle":"{{cdm|payload|visualizations|Default-VizId|vizConfig|sap.app|subTitle}}"},"sap.flp":{"target":{"type":"IBN","inboundId":"d902e742-f51a-4b14-8661-5e705fdff490___GenericDefaultSemantic-__GenericDefaultAction","parameters":{}}}}}},"targetAppConfig":{"sap.ui":{"deviceTypes":{"phone":true,"tablet":true,"desktop":true}},"sap.app":{"tags":{"keywords":[]},"destination":"","crossNavigation":{"inbounds":{"d902e742-f51a-4b14-8661-5e705fdff490___GenericDefaultSemantic-__GenericDefaultAction":{"action":"run","signature":{"parameters":{},"additionalParameters":"ignored"},"deviceTypes":{"phone":true,"tablet":true,"desktop":true},"semanticObject":"app"}}}},"_version":"1.13.0","sap.integration":{"navMode":"inplace","urlTemplateId":"urltemplate.url","urlTemplateParams":{"url":"https://f123e803ad5c7a.sister.argocdaas.shoot.live.k8s-hana.ondemand.com/applications","query":{"proj":"runtime-context-uk-xp264-c1f19148-71f7-4883-9f86-8d5ee7634dec","showFavorites":"false"},"enableSapParams":false,"enableIntentParams":false}}}},"_version":"3.0","identification":{"id":"d902e742-f51a-4b14-8661-5e705fdff490","title":"{{cdm|identification|title}}","entityType":"businessapp","description":"{{cdm|identification|description}}"}}},{"metadata":{"updatedOn":1759739307116,"updatedBy":"technical","createdBy":"technical","createdOn":1759739307116,"context":{"id":"SUB_ACCOUNT","contextType":"sub_account","tenantId":"7e8a4ad1b97450e5a0b7fd04f9edb10a","identityZoneId":"4983dd36-e07d-45cd-90ff-638589227465","instanceId":"d1bbfd5e-53f8-4634-8cbf-18665ba30196"}},"cdm":{"texts":{"cdm|identification|title":{"type":"XTIT","value":{"":"argocd--uk-south"}},"cdm|identification|description":{"type":"XTIT","value":{"":"runtime-context-uk-south-c1f19148-71f7-4883-9f86-8d5ee7634dec"}},"cdm|payload|visualizations|Default-VizId|vizConfig|sap.app|info":{"type":"XTIT","value":{"":""}},"cdm|payload|visualizations|Default-VizId|vizConfig|sap.app|subTitle":{"type":"XTIT","value":{"":""}}},"payload":{"defaultViz":"Default-VizId","defaultVizType":"sap.ushell.StaticAppLauncher","visualizations":{"Default-VizId":{"vizType":"sap.ushell.StaticAppLauncher","vizConfig":{"sap.ui":{"icons":{"icon":"https://raw.githubusercontent.com/ptesny/Team-2712/main/assets/logo.png"}},"sap.app":{"info":"{{cdm|payload|visualizations|Default-VizId|vizConfig|sap.app|info}}","subTitle":"{{cdm|payload|visualizations|Default-VizId|vizConfig|sap.app|subTitle}}"},"sap.flp":{"target":{"type":"IBN","inboundId":"74b5cda9-b6af-4178-ae1a-1955f8601248___GenericDefaultSemantic-__GenericDefaultAction","parameters":{}}}}}},"targetAppConfig":{"sap.ui":{"deviceTypes":{"phone":true,"tablet":true,"desktop":true}},"sap.app":{"tags":{"keywords":[]},"destination":"","crossNavigation":{"inbounds":{"74b5cda9-b6af-4178-ae1a-1955f8601248___GenericDefaultSemantic-__GenericDefaultAction":{"action":"run","signature":{"parameters":{},"additionalParameters":"ignored"},"deviceTypes":{"phone":true,"tablet":true,"desktop":true},"semanticObject":"app"}}}},"_version":"1.13.0","sap.integration":{"navMode":"inplace","urlTemplateId":"urltemplate.url","urlTemplateParams":{"url":"https://f123e803ad5c7a.sister.argocdaas.shoot.live.k8s-hana.ondemand.com/applications","query":{"proj":"runtime-context-uk-south-c1f19148-71f7-4883-9f86-8d5ee7634dec","showFavorites":"false"},"enableSapParams":false,"enableIntentParams":false}}}},"_version":"3.0","identification":{"id":"74b5cda9-b6af-4178-ae1a-1955f8601248","title":"{{cdm|identification|title}}","entityType":"businessapp","description":"{{cdm|identification|description}}"}}},{"metadata":{"updatedOn":1759739307116,"updatedBy":"technical","createdBy":"technical","createdOn":1759739307116,"context":{"id":"SUB_ACCOUNT","contextType":"sub_account","tenantId":"7e8a4ad1b97450e5a0b7fd04f9edb10a","identityZoneId":"4983dd36-e07d-45cd-90ff-638589227465","instanceId":"d1bbfd5e-53f8-4634-8cbf-18665ba30196"}},"cdm":{"texts":{"cdm|identification|title":{"type":"XTIT","value":{"":"us-east--ca15e0c"}},"cdm|identification|description":{"type":"XTIT","value":{"":"us-east--ca15e0c"}},"cdm|payload|visualizations|Default-VizId|vizConfig|sap.app|info":{"type":"XTIT","value":{"":""}},"cdm|payload|visualizations|Default-VizId|vizConfig|sap.app|subTitle":{"type":"XTIT","value":{"":""}}},"payload":{"defaultViz":"Default-VizId","defaultVizType":"sap.ushell.StaticAppLauncher","visualizations":{"Default-VizId":{"vizType":"sap.ushell.StaticAppLauncher","vizConfig":{"sap.ui":{"icons":{"icon":"https://raw.githubusercontent.com/ptesny/Team-2712/main/assets/kyma_dashboard_url_useast.png"}},"sap.app":{"info":"{{cdm|payload|visualizations|Default-VizId|vizConfig|sap.app|info}}","subTitle":"{{cdm|payload|visualizations|Default-VizId|vizConfig|sap.app|subTitle}}"},"sap.flp":{"target":{"type":"IBN","inboundId":"69f9e85f-b57d-4353-bc4c-a914ee762305___GenericDefaultSemantic-__GenericDefaultAction","parameters":{}}}}}},"targetAppConfig":{"sap.ui":{"deviceTypes":{"phone":true,"tablet":true,"desktop":true}},"sap.app":{"tags":{"keywords":[]},"destination":"","crossNavigation":{"inbounds":{"69f9e85f-b57d-4353-bc4c-a914ee762305___GenericDefaultSemantic-__GenericDefaultAction":{"action":"run","signature":{"parameters":{},"additionalParameters":"ignored"},"deviceTypes":{"phone":true,"tablet":true,"desktop":true},"semanticObject":"app"}}}},"_version":"1.13.0","sap.integration":{"navMode":"explace","urlTemplateId":"urltemplate.url","urlTemplateParams":{"url":"https://dashboard.kyma.cloud.sap/?kubeconfigID=72A4A32B-0D0A-47DE-90C9-A65D52C8ADBE","query":{},"enableSapParams":false,"enableIntentParams":false}}}},"_version":"3.0","identification":{"id":"69f9e85f-b57d-4353-bc4c-a914ee762305","title":"{{cdm|identification|title}}","entityType":"businessapp","description":"{{cdm|identification|description}}"}}},{"metadata":{"updatedOn":1759739307116,"updatedBy":"technical","createdBy":"technical","createdOn":1759739307116,"context":{"id":"SUB_ACCOUNT","contextType":"sub_account","tenantId":"7e8a4ad1b97450e5a0b7fd04f9edb10a","identityZoneId":"4983dd36-e07d-45cd-90ff-638589227465","instanceId":"d1bbfd5e-53f8-4634-8cbf-18665ba30196"}},"cdm":{"texts":{"cdm|identification|title":{"type":"XTIT","value":{"":"uk-south--a896778"}},"cdm|identification|description":{"type":"XTIT","value":{"":"uk-south--a896778"}},"cdm|payload|visualizations|Default-VizId|vizConfig|sap.app|info":{"type":"XTIT","value":{"":""}},"cdm|payload|visualizations|Default-VizId|vizConfig|sap.app|subTitle":{"type":"XTIT","value":{"":""}}},"payload":{"defaultViz":"Default-VizId","defaultVizType":"sap.ushell.StaticAppLauncher","visualizations":{"Default-VizId":{"vizType":"sap.ushell.StaticAppLauncher","vizConfig":{"sap.ui":{"icons":{"icon":"https://raw.githubusercontent.com/ptesny/Team-2712/main/assets/kyma-dashboard-url-uksouth.png"}},"sap.app":{"info":"{{cdm|payload|visualizations|Default-VizId|vizConfig|sap.app|info}}","subTitle":"{{cdm|payload|visualizations|Default-VizId|vizConfig|sap.app|subTitle}}"},"sap.flp":{"target":{"type":"IBN","inboundId":"6be6879a-d860-48b1-af44-91e3050f0d1b___GenericDefaultSemantic-__GenericDefaultAction","parameters":{}}}}}},"targetAppConfig":{"sap.ui":{"deviceTypes":{"phone":true,"tablet":true,"desktop":true}},"sap.app":{"tags":{"keywords":[]},"destination":"","crossNavigation":{"inbounds":{"6be6879a-d860-48b1-af44-91e3050f0d1b___GenericDefaultSemantic-__GenericDefaultAction":{"action":"run","signature":{"parameters":{},"additionalParameters":"ignored"},"deviceTypes":{"phone":true,"tablet":true,"desktop":true},"semanticObject":"app"}}}},"_version":"1.13.0","sap.integration":{"navMode":"explace","urlTemplateId":"urltemplate.url","urlTemplateParams":{"url":"https://dashboard.kyma.cloud.sap/?kubeconfigID=6D0AF763-179E-4F84-8ED0-724B3C0C2C92","query":{},"enableSapParams":false,"enableIntentParams":false}}}},"_version":"3.0","identification":{"id":"6be6879a-d860-48b1-af44-91e3050f0d1b","title":"{{cdm|identification|title}}","entityType":"businessapp","description":"{{cdm|identification|description}}"}}},{"metadata":{"updatedOn":1760966529055,"updatedBy":"Piotr Tesny","createdBy":"Piotr Tesny","createdOn":1760966257309,"context":{"id":"SUB_ACCOUNT","contextType":"sub_account","tenantId":"7e8a4ad1b97450e5a0b7fd04f9edb10a","identityZoneId":"4983dd36-e07d-45cd-90ff-638589227465","instanceId":"d1bbfd5e-53f8-4634-8cbf-18665ba30196"}},"cdm":{"texts":{"cdm|identification|title":{"type":"XTIT","value":{"":"us-east--jupiterhub"}},"cdm|identification|description":{"type":"XTIT","value":{"":"us-east--jupiterhub"}},"cdm|payload|visualizations|Default-VizId|vizConfig|sap.app|info":{"type":"XTIT","value":{"":"The Lorenz Differential Equations"}},"cdm|payload|visualizations|Default-VizId|vizConfig|sap.app|subTitle":{"type":"XTIT","value":{"":""}}},"payload":{"defaultViz":"Default-VizId","defaultVizType":"sap.ushell.StaticAppLauncher","visualizations":{"Default-VizId":{"vizType":"sap.ushell.StaticAppLauncher","vizConfig":{"sap.ui":{"icons":{"icon":""}},"sap.app":{"info":"{{cdm|payload|visualizations|Default-VizId|vizConfig|sap.app|info}}","subTitle":"{{cdm|payload|visualizations|Default-VizId|vizConfig|sap.app|subTitle}}"},"sap.flp":{"target":{"type":"IBN","inboundId":"f788caa8-fbc3-404c-9691-e1de1b1e9664___GenericDefaultSemantic-__GenericDefaultAction","parameters":{}}}}}},"targetAppConfig":{"sap.ui":{"deviceTypes":{"phone":true,"tablet":true,"desktop":true}},"sap.app":{"tags":{"keywords":[]},"destination":"","crossNavigation":{"inbounds":{"f788caa8-fbc3-404c-9691-e1de1b1e9664___GenericDefaultSemantic-__GenericDefaultAction":{"action":"run","signature":{"parameters":{},"additionalParameters":"ignored"},"deviceTypes":{"phone":true,"tablet":true,"desktop":true},"semanticObject":"app"}}}},"_version":"1.13.0","sap.integration":{"navMode":"explace","urlTemplateId":"urltemplate.url","urlTemplateParams":{"url":"https://jupyterhub.ca15e0c.kyma.ondemand.com/user/admin/lab/tree/Lorenz.ipynb?redirects=1","query":{},"enableSapParams":false,"enableIntentParams":false}}}},"_version":"3.0","identification":{"id":"f788caa8-fbc3-404c-9691-e1de1b1e9664","title":"{{cdm|identification|title}}","entityType":"businessapp","description":"{{cdm|identification|description}}"}}},{"metadata":{"updatedOn":1760648136834,"updatedBy":"Piotr Tesny","createdBy":"Piotr Tesny","createdOn":1760110263988,"context":{"id":"SUB_ACCOUNT","contextType":"sub_account","tenantId":"7e8a4ad1b97450e5a0b7fd04f9edb10a","identityZoneId":"4983dd36-e07d-45cd-90ff-638589227465","instanceId":"d1bbfd5e-53f8-4634-8cbf-18665ba30196"}},"cdm":{"texts":{"cdm|identification|title":{"type":"XTIT","value":{"":"hanacloud cockpit"}},"cdm|identification|description":{"type":"XTIT","value":{"":"hanacloud cockpit"}},"cdm|payload|visualizations|Default-VizId|vizConfig|sap.app|info":{"type":"XTIT","value":{"":"hana cloud"}},"cdm|payload|visualizations|Default-VizId|vizConfig|sap.app|subTitle":{"type":"XTIT","value":{"":""}}},"payload":{"defaultViz":"Default-VizId","defaultVizType":"sap.ushell.StaticAppLauncher","visualizations":{"Default-VizId":{"vizType":"sap.ushell.StaticAppLauncher","vizConfig":{"sap.ui":{"icons":{"icon":"sap-icon://database"}},"sap.app":{"info":"{{cdm|payload|visualizations|Default-VizId|vizConfig|sap.app|info}}","subTitle":"{{cdm|payload|visualizations|Default-VizId|vizConfig|sap.app|subTitle}}"},"sap.flp":{"target":{"type":"IBN","inboundId":"9834541d-b937-47a9-9089-4807ae9d0955___GenericDefaultSemantic-__GenericDefaultAction","parameters":{}}}}}},"targetAppConfig":{"sap.ui":{"deviceTypes":{"phone":true,"tablet":true,"desktop":true}},"sap.app":{"tags":{"keywords":[]},"destination":"","crossNavigation":{"inbounds":{"9834541d-b937-47a9-9089-4807ae9d0955___GenericDefaultSemantic-__GenericDefaultAction":{"action":"run","signature":{"parameters":{},"additionalParameters":"ignored"},"deviceTypes":{"phone":true,"tablet":true,"desktop":true},"semanticObject":"app"}}}},"_version":"1.13.0","sap.integration":{"navMode":"explace","urlTemplateId":"urltemplate.url","urlTemplateParams":{"url":"https://btp-provider-quovadis-d2ec7477.hana-tooling.ingress.orchestration.prod-eu20.hanacloud.ondemand.com/","query":{},"enableSapParams":false,"enableIntentParams":false}}}},"_version":"3.0","identification":{"id":"9834541d-b937-47a9-9089-4807ae9d0955","title":"{{cdm|identification|title}}","entityType":"businessapp","description":"{{cdm|identification|description}}"}}},{"metadata":{"updatedOn":1760265270861,"updatedBy":"Piotr Tesny","createdBy":"technical","createdOn":1759739307116,"context":{"id":"SUB_ACCOUNT","contextType":"sub_account","tenantId":"7e8a4ad1b97450e5a0b7fd04f9edb10a","identityZoneId":"4983dd36-e07d-45cd-90ff-638589227465","instanceId":"d1bbfd5e-53f8-4634-8cbf-18665ba30196"}},"cdm":{"texts":{"cdm|identification|title":{"type":"XTIT","value":{"":"cis-httpbin--xp264"}},"cdm|identification|description":{"type":"XTIT","value":{"":"cis-httpbin--xp264"}},"cdm|payload|visualizations|Default-VizId|vizConfig|sap.app|info":{"type":"XTIT","value":{"":""}},"cdm|payload|visualizations|Default-VizId|vizConfig|sap.app|subTitle":{"type":"XTIT","value":{"":""}}},"payload":{"defaultViz":"Default-VizId","defaultVizType":"sap.ushell.StaticAppLauncher","visualizations":{"Default-VizId":{"vizType":"sap.ushell.StaticAppLauncher","vizConfig":{"sap.ui":{"icons":{"icon":""}},"sap.app":{"info":"{{cdm|payload|visualizations|Default-VizId|vizConfig|sap.app|info}}","subTitle":"{{cdm|payload|visualizations|Default-VizId|vizConfig|sap.app|subTitle}}"},"sap.flp":{"target":{"type":"IBN","inboundId":"959875dd-de35-4826-aa5e-7d745d130e28___GenericDefaultSemantic-__GenericDefaultAction","parameters":{}}}}}},"targetAppConfig":{"sap.ui":{"deviceTypes":{"phone":true,"tablet":true,"desktop":true}},"sap.app":{"tags":{"keywords":[]},"destination":"No System","crossNavigation":{"inbounds":{"959875dd-de35-4826-aa5e-7d745d130e28___GenericDefaultSemantic-__GenericDefaultAction":{"action":"run","signature":{"parameters":{},"additionalParameters":"ignored"},"deviceTypes":{"phone":true,"tablet":true,"desktop":true},"semanticObject":"app"}}}},"_version":"1.13.0","sap.integration":{"navMode":"inplace","urlTemplateId":"urltemplate.url","urlTemplateParams":{"url":"https://uk-xp264-quovadis-d726db6d.launchpad.cfapps.eu20.hana.ondemand.com/dynamic_dest/cis-httpbin/bearer","query":{},"enableSapParams":false,"enableIntentParams":false}}}},"_version":"3.0","identification":{"id":"959875dd-de35-4826-aa5e-7d745d130e28","title":"{{cdm|identification|title}}","entityType":"businessapp","description":"{{cdm|identification|description}}"}}},{"metadata":{"updatedOn":1760265646567,"updatedBy":"Piotr Tesny","createdBy":"Piotr Tesny","createdOn":1760265532755,"context":{"id":"SUB_ACCOUNT","contextType":"sub_account","tenantId":"7e8a4ad1b97450e5a0b7fd04f9edb10a","identityZoneId":"4983dd36-e07d-45cd-90ff-638589227465","instanceId":"d1bbfd5e-53f8-4634-8cbf-18665ba30196"}},"cdm":{"texts":{"cdm|identification|title":{"type":"XTIT","value":{"":"Global Account: SAP-TechEd25-XP264"}},"cdm|identification|description":{"type":"XTIT","value":{"":"Global Account: SAP-TechEd25-XP264 – Account Explorer"}},"cdm|payload|visualizations|Default-VizId|vizConfig|sap.app|info":{"type":"XTIT","value":{"":""}},"cdm|payload|visualizations|Default-VizId|vizConfig|sap.app|subTitle":{"type":"XTIT","value":{"":""}}},"payload":{"defaultViz":"Default-VizId","defaultVizType":"sap.ushell.StaticAppLauncher","visualizations":{"Default-VizId":{"vizType":"sap.ushell.StaticAppLauncher","vizConfig":{"sap.ui":{"icons":{"icon":""}},"sap.app":{"info":"{{cdm|payload|visualizations|Default-VizId|vizConfig|sap.app|info}}","subTitle":"{{cdm|payload|visualizations|Default-VizId|vizConfig|sap.app|subTitle}}"},"sap.flp":{"target":{"type":"IBN","inboundId":"c7ceaab6-ce4d-4645-9746-7991fd6a11dd___GenericDefaultSemantic-__GenericDefaultAction","parameters":{}}}}}},"targetAppConfig":{"sap.ui":{"deviceTypes":{"phone":true,"tablet":true,"desktop":true}},"sap.app":{"tags":{"keywords":[]},"destination":"","crossNavigation":{"inbounds":{"c7ceaab6-ce4d-4645-9746-7991fd6a11dd___GenericDefaultSemantic-__GenericDefaultAction":{"action":"run","signature":{"parameters":{},"additionalParameters":"ignored"},"deviceTypes":{"phone":true,"tablet":true,"desktop":true},"semanticObject":"app"}}}},"_version":"1.13.0","sap.integration":{"navMode":"explace","urlTemplateId":"urltemplate.url","urlTemplateParams":{"url":"https://emea.cockpit.btp.cloud.sap/cockpit/#/globalaccount/c1f19148-71f7-4883-9f86-8d5ee7634dec/accountModel&//?section=SubaccountsSection&view=TilesView","query":{},"enableSapParams":false,"enableIntentParams":false}}}},"_version":"3.0","identification":{"id":"c7ceaab6-ce4d-4645-9746-7991fd6a11dd","title":"{{cdm|identification|title}}","entityType":"businessapp","description":"{{cdm|identification|description}}"}}},{"metadata":{"updatedOn":1760265777334,"updatedBy":"Piotr Tesny","createdBy":"Piotr Tesny","createdOn":1760265361880,"context":{"id":"SUB_ACCOUNT","contextType":"sub_account","tenantId":"7e8a4ad1b97450e5a0b7fd04f9edb10a","identityZoneId":"4983dd36-e07d-45cd-90ff-638589227465","instanceId":"d1bbfd5e-53f8-4634-8cbf-18665ba30196"}},"cdm":{"texts":{"cdm|identification|title":{"type":"XTIT","value":{"":"cis-httpbin--uk-south"}},"cdm|identification|description":{"type":"XTIT","value":{"":"cis-httpbin--uk-south"}},"cdm|payload|visualizations|Default-VizId|vizConfig|sap.app|info":{"type":"XTIT","value":{"":""}},"cdm|payload|visualizations|Default-VizId|vizConfig|sap.app|subTitle":{"type":"XTIT","value":{"":""}}},"payload":{"defaultViz":"Default-VizId","defaultVizType":"sap.ushell.StaticAppLauncher","visualizations":{"Default-VizId":{"vizType":"sap.ushell.StaticAppLauncher","vizConfig":{"sap.ui":{"icons":{"icon":""}},"sap.app":{"info":"{{cdm|payload|visualizations|Default-VizId|vizConfig|sap.app|info}}","subTitle":"{{cdm|payload|visualizations|Default-VizId|vizConfig|sap.app|subTitle}}"},"sap.flp":{"target":{"type":"IBN","inboundId":"4c65084a-55b0-48e6-9722-607d59b7478d___GenericDefaultSemantic-__GenericDefaultAction","parameters":{}}}}}},"targetAppConfig":{"sap.ui":{"deviceTypes":{"phone":true,"tablet":true,"desktop":true}},"sap.app":{"tags":{"keywords":[]},"destination":"","crossNavigation":{"inbounds":{"4c65084a-55b0-48e6-9722-607d59b7478d___GenericDefaultSemantic-__GenericDefaultAction":{"action":"run","signature":{"parameters":{},"additionalParameters":"ignored"},"deviceTypes":{"phone":true,"tablet":true,"desktop":true},"semanticObject":"app"}}}},"_version":"1.13.0","sap.integration":{"navMode":"inplace","urlTemplateId":"urltemplate.url","urlTemplateParams":{"url":"https://uk-south-quovadis-4510ce43.launchpad.cfapps.eu20.hana.ondemand.com/dynamic_dest/cis-httpbin/bearer","query":{},"enableSapParams":false,"enableIntentParams":false}}}},"_version":"3.0","identification":{"id":"4c65084a-55b0-48e6-9722-607d59b7478d","title":"{{cdm|identification|title}}","entityType":"businessapp","description":"{{cdm|identification|description}}"}}},{"metadata":{"updatedOn":1760266261085,"updatedBy":"Piotr Tesny","createdBy":"technical","createdOn":1759739307116,"context":{"id":"SUB_ACCOUNT","contextType":"sub_account","tenantId":"7e8a4ad1b97450e5a0b7fd04f9edb10a","identityZoneId":"4983dd36-e07d-45cd-90ff-638589227465","instanceId":"d1bbfd5e-53f8-4634-8cbf-18665ba30196"}},"cdm":{"texts":{"cdm|identification|title":{"type":"XTIT","value":{"":"SAP Cloud Logging - Kyma Overview"}},"cdm|identification|description":{"type":"XTIT","value":{"":"SAP Cloud Logging - Kyma Overview"}},"cdm|payload|visualizations|Default-VizId|vizConfig|sap.app|info":{"type":"XTIT","value":{"":""}},"cdm|payload|visualizations|Default-VizId|vizConfig|sap.app|subTitle":{"type":"XTIT","value":{"":""}}},"payload":{"defaultViz":"Default-VizId","defaultVizType":"sap.ushell.StaticAppLauncher","visualizations":{"Default-VizId":{"vizType":"sap.ushell.StaticAppLauncher","vizConfig":{"sap.ui":{"icons":{"icon":"sap-icon://search"}},"sap.app":{"info":"{{cdm|payload|visualizations|Default-VizId|vizConfig|sap.app|info}}","subTitle":"{{cdm|payload|visualizations|Default-VizId|vizConfig|sap.app|subTitle}}"},"sap.flp":{"target":{"type":"IBN","inboundId":"a193e5b8-4a60-4040-b511-3bd993fac016___GenericDefaultSemantic-__GenericDefaultAction","parameters":{}}}}}},"targetAppConfig":{"sap.ui":{"deviceTypes":{"phone":true,"tablet":true,"desktop":true}},"sap.app":{"tags":{"keywords":[]},"destination":"","crossNavigation":{"inbounds":{"a193e5b8-4a60-4040-b511-3bd993fac016___GenericDefaultSemantic-__GenericDefaultAction":{"action":"run","signature":{"parameters":{},"additionalParameters":"ignored"},"deviceTypes":{"phone":true,"tablet":true,"desktop":true},"semanticObject":"app"}}}},"_version":"1.13.0","sap.integration":{"navMode":"explace","urlTemplateId":"urltemplate.url","urlTemplateParams":{"url":"https://url.sap/rw43o5","query":{},"enableSapParams":false,"enableIntentParams":false}}}},"_version":"3.0","identification":{"id":"a193e5b8-4a60-4040-b511-3bd993fac016","title":"{{cdm|identification|title}}","entityType":"businessapp","description":"{{cdm|identification|description}}"}}},{"metadata":{"updatedOn":1760132686271,"updatedBy":"Piotr Tesny","createdBy":"Piotr Tesny","createdOn":1760132686271,"context":{"id":"SUB_ACCOUNT","contextType":"sub_account","tenantId":"7e8a4ad1b97450e5a0b7fd04f9edb10a","identityZoneId":"4983dd36-e07d-45cd-90ff-638589227465","instanceId":"d1bbfd5e-53f8-4634-8cbf-18665ba30196"}},"cdm":{"texts":{"cdm|identification|title":{"type":"XTIT","value":{"":"xp264-000--c-4d2de7e"}},"cdm|identification|description":{"type":"XTIT","value":{"":"xp264-000--c-4d2de7e"}},"cdm|payload|visualizations|Default-VizId|vizConfig|sap.app|info":{"type":"XTIT","value":{"":""}},"cdm|payload|visualizations|Default-VizId|vizConfig|sap.app|subTitle":{"type":"XTIT","value":{"":""}}},"payload":{"defaultViz":"Default-VizId","defaultVizType":"sap.ushell.StaticAppLauncher","visualizations":{"Default-VizId":{"vizType":"sap.ushell.StaticAppLauncher","vizConfig":{"sap.ui":{"icons":{"icon":""}},"sap.app":{"info":"{{cdm|payload|visualizations|Default-VizId|vizConfig|sap.app|info}}","subTitle":"{{cdm|payload|visualizations|Default-VizId|vizConfig|sap.app|subTitle}}"},"sap.flp":{"target":{"type":"IBN","inboundId":"305b1ce8-e441-41ee-88bd-265022e51763___GenericDefaultSemantic-__GenericDefaultAction","parameters":{}}}}}},"targetAppConfig":{"sap.ui":{"deviceTypes":{"phone":true,"tablet":true,"desktop":true}},"sap.app":{"tags":{"keywords":[]},"destination":"","crossNavigation":{"inbounds":{"305b1ce8-e441-41ee-88bd-265022e51763___GenericDefaultSemantic-__GenericDefaultAction":{"action":"run","signature":{"parameters":{},"additionalParameters":"ignored"},"deviceTypes":{"phone":true,"tablet":true,"desktop":true},"semanticObject":"app"}}}},"_version":"1.13.0","sap.integration":{"navMode":"explace","urlTemplateId":"urltemplate.url","urlTemplateParams":{"url":"https://dashboard.kyma.cloud.sap/?kubeconfigID=B427F082-0D0C-4657-9D99-56629CC03CF6","query":{},"enableSapParams":false,"enableIntentParams":false}}}},"_version":"3.0","identification":{"id":"305b1ce8-e441-41ee-88bd-265022e51763","title":"{{cdm|identification|title}}","entityType":"businessapp","description":"{{cdm|identification|description}}"}}},{"metadata":{"updatedOn":1760647867571,"updatedBy":"Piotr Tesny","createdBy":"Piotr Tesny","createdOn":1760110993277,"context":{"id":"SUB_ACCOUNT","contextType":"sub_account","tenantId":"7e8a4ad1b97450e5a0b7fd04f9edb10a","identityZoneId":"4983dd36-e07d-45cd-90ff-638589227465","instanceId":"d1bbfd5e-53f8-4634-8cbf-18665ba30196"}},"cdm":{"texts":{"cdm|identification|title":{"type":"XTIT","value":{"":"argocd-xp264-000--c-4d2de7e"}},"cdm|identification|description":{"type":"XTIT","value":{"":"runtime-context-xp264-000-c1f19148-71f7-4883-9f86-8d5ee7634dec"}},"cdm|payload|visualizations|Default-VizId|vizConfig|sap.app|info":{"type":"XTIT","value":{"":""}},"cdm|payload|visualizations|Default-VizId|vizConfig|sap.app|subTitle":{"type":"XTIT","value":{"":""}}},"payload":{"defaultViz":"Default-VizId","defaultVizType":"sap.ushell.StaticAppLauncher","visualizations":{"Default-VizId":{"vizType":"sap.ushell.StaticAppLauncher","vizConfig":{"sap.ui":{"icons":{"icon":"https://raw.githubusercontent.com/ptesny/Team-2712/main/assets/logo.png"}},"sap.app":{"info":"{{cdm|payload|visualizations|Default-VizId|vizConfig|sap.app|info}}","subTitle":"{{cdm|payload|visualizations|Default-VizId|vizConfig|sap.app|subTitle}}"},"sap.flp":{"target":{"type":"IBN","inboundId":"ae3c8530-9081-4fa8-927e-ef47a6bb862b___GenericDefaultSemantic-__GenericDefaultAction","parameters":{}}}}}},"targetAppConfig":{"sap.ui":{"deviceTypes":{"phone":true,"tablet":true,"desktop":true}},"sap.app":{"tags":{"keywords":[]},"destination":"","crossNavigation":{"inbounds":{"ae3c8530-9081-4fa8-927e-ef47a6bb862b___GenericDefaultSemantic-__GenericDefaultAction":{"action":"run","signature":{"parameters":{},"additionalParameters":"ignored"},"deviceTypes":{"phone":true,"tablet":true,"desktop":true},"semanticObject":"app"}}}},"_version":"1.13.0","sap.integration":{"navMode":"inplace","urlTemplateId":"urltemplate.url","urlTemplateParams":{"url":"https://f123e803ad5c7a.sister.argocdaas.shoot.live.k8s-hana.ondemand.com/applications","query":{"page":"1","proj":"runtime-context-xp264-000-c1f19148-71f7-4883-9f86-8d5ee7634dec","view":"tiles","showFavorites":"false"},"enableSapParams":false,"enableIntentParams":false}}}},"_version":"3.0","identification":{"id":"ae3c8530-9081-4fa8-927e-ef47a6bb862b","title":"{{cdm|identification|title}}","entityType":"businessapp","description":"{{cdm|identification|description}}"}}}]